12
AF1A53,Stone,Harry,601 NoWhere ST,Golden,NE,12254,US,notharryFan@notemail.com,squarry0@salon.com
AF1A54,Takashi,Minami,78 Havey Avenue,Crimson,IO,78554,US,nodontcallme@husker.edu.notunl,minamiCrimson@gmail.com,crimsonQueen@yahoo.com.vn
AF1A55,William,Logan,65337 Heavy Street,Crystal,GH,69856,US,wolfverin34@gmail.com,thisisme117@yahoo.com
AF1A56,Husker,Petter,81 Northstream Avenue,Vahala,RE,45213,US,petterparker2000@work.edu.vn,forVahala1992@crystal.com,skyrimBelongtotheNord666@gmail.com
AF1A57,Napoleon,Parker,70 Sunbrook Center,Winterhall,BN,78954,US,flamingBoy1882@nvm.com
AF1A58,Alexandra,Potter,33 Storm Street,Solesty,TS,21540,US,potteralex457@gmail.com,potteralex457@yahoo.com,potteralex457@red.com,potteralex457@witcher.com
AF1A59,Ultraman,Morgan,6811 Honey Valley Avenue,Skyrim,QD,98856,US,gerad.Harad1009@huskers.vn.com,gerad.Harad1009@this.com,gerad.Harad1009@that.com
AF1A60,Helium,John,37 Black Sand Appartment - Apt. 9B,Vegas,OP,21546,US
AF1A61,Stormsurlfing,David,40 Mountain Moon Avenue,New Paris,YU,98745,US
AF1A62,Adam,Thesia,5595 Saint Convenent Square,Liahemtry,NG,32689,US,newlifeMan@freedom.com,tobeOrnottoBe1092@engineering.com,sjlkThesia@hmail.com,universal76forthis09@haha.com
AF1A63,Harley,Luna,315th Thormaonet St,Bostando,SW,12144,US,lunamaster46@huskers.vn.com,thisisit918@yahoo.com,nowhere134@gmail.com
AF1A64,Sieldfire,Linda,427 Neon Village Past,Wilkytorm,ZA,69851,US,thisisafakemail@linda.com,iamNotaBot9018@facebook.com