12
AF1A53,Terrance,Rayman,2 Hauk Alley,Monticello,MN,55565,US,trayman0@sitemeter.com,squarry0@salon.com
AF1A54,Candie,Crannage,3896 Shelley Terrace,Gaithersburg,MD,20883,US,ccrannage1@digg.com,minamiCrimson@gmail.com,crimsonQueen@yahoo.com.vn
AF1A55,Randal,Briddle,56059 Hollow Ridge Court,Lees Summit,MO,64082,US,rbriddle2@networkadvertising.org,thisisme117@yahoo.com
AF1A56,Corbin,Brine,2 Canary Lane,Washington,DC,20268,US,cbrine3@webnode.com,forVahala1992@crystal.com,skyrimBelongtotheNord666@gmail.com
AF1A57,Reece,Haggerwood,19211 Maywood Circle,Vancouver,WA,98687,US,rhaggerwood4@histats.com
AF1A58,Amy,Jenton,501 Kennedy Pass,San Jose,CA,95194,US,ajenton5@eepurl.com,potteralex457@yahoo.com,potteralex457@red.com,potteralex457@witcher.com
AF1A59,Elsbeth,Reveley,80 Shasta Alley,Salt Lake City,UT,84189,US,ereveley6@upenn.edu,gerad.Harad1009@this.com,gerad.Harad1009@that.com
AF1A60,Faber,Race,2 Buell Trail,Irvine,CA,92710,US,frace7@ning.com
AF1A61,Berk,Meanwell,651 Florence Junction,Greensboro,NC,27404,US,bmeanwell8@parallels.com
AF1A62,Prentiss,Dungey,41 Bluestem Terrace,Washington,DC,20057,US,pdungey9@hubpages.com,tobeOrnottoBe1092@engineering.com,sjlkThesia@hmail.com,universal76forthis09@haha.com
AF1A63,Hermia,Bunford,2306 Stang Court,Newark,DE,19714,US,hbunforda@businesswire.com,thisisit918@yahoo.com,nowhere134@gmail.com
AF1A64,Nollie,Blesdill,2 Loftsgordon Drive,Erie,PA,16550,US,nblesdillb@harvard.edu,iamNotaBot9018@facebook.com
